{"topEconomicalBowlers":{"R Ashwin":5.725,"Sandeep Sharma":6.970873786407767,"Parvez Rasool":6.2,"MC Henriques":6.283524904214559,"MA Starc":6.769911504424778,"S Nadeem":5.972222222222222,"V Kohli":6.666666666666667,"Z Khan":6.235294117647059,"RN ten Doeschate":3.6363636363636362,"J Yadav":4.142857142857143}}